{
    "frames": [
        {
            "filename": "troll_idle_1",
            "frame": {
                "w": 32,
                "h": 32,
                "x": 1,
                "y": 1
            },
            "anchor": {
                "x": 0.5,
                "y": 0.5
            }
        },
        {
            "filename": "troll_idle_2",
            "frame": {
                "w": 32,
                "h": 32,
                "x": 34,
                "y": 1
            },
            "anchor": {
                "x": 0.5,
                "y": 0.5
            }
        },
        {
            "filename": "troll_idle_3",
            "frame": {
                "w": 32,
                "h": 32,
                "x": 1,
                "y": 34
            },
            "anchor": {
                "x": 0.5,
                "y": 0.5
            }
        },
        {
            "filename": "troll_idle_4",
            "frame": {
                "w": 32,
                "h": 32,
                "x": 34,
                "y": 34
            },
            "anchor": {
                "x": 0.5,
                "y": 0.5
            }
        },
        {
            "filename": "troll_walk_1",
            "frame": {
                "w": 32,
                "h": 32,
                "x": 67,
                "y": 1
            },
            "anchor": {
                "x": 0.5,
                "y": 0.5
            }
        },
        {
            "filename": "troll_walk_2",
            "frame": {
                "w": 32,
                "h": 32,
                "x": 67,
                "y": 34
            },
            "anchor": {
                "x": 0.5,
                "y": 0.5
            }
        },
        {
            "filename": "troll_walk_3",
            "frame": {
                "w": 32,
                "h": 32,
                "x": 1,
                "y": 67
            },
            "anchor": {
                "x": 0.5,
                "y": 0.5
            }
        },
        {
            "filename": "troll_walk_4",
            "frame": {
                "w": 32,
                "h": 32,
                "x": 34,
                "y": 67
            },
            "anchor": {
                "x": 0.5,
                "y": 0.5
            }
        }
    ],
    "meta": {
        "description": "Atlas generado con Atlas Packer Gamma V2",
        "web": "https://gammafp.github.io/atlas-packer-phaser/"
    }
}